{"KORU": {"state": "OPEN DRIVE", "peak_tp": 19.068133943513107, "tp_open": null, "vwap_ext": 7.404154042123245e-05}, "ADVB": {"state": "QUIET", "peak_tp": 3.8228706181319496, "tp_open": null, "vwap_ext": 0.0}, "BLFS": {"state": "QUIET", "peak_tp": 0.8037859191022568, "tp_open": null, "vwap_ext": 0.0005879958387986495}, "BNRG": {"state": "OPEN DRIVE", "peak_tp": 13.093220016008726, "tp_open": null, "vwap_ext": 0.04694289873102142}, "HCSG": {"state": "QUIET", "peak_tp": 2.245393714498738, "tp_open": null, "vwap_ext": 0.0015510746731666192}, "PZZA": {"state": "QUIET", "peak_tp": 0.6269860238758563, "tp_open": null, "vwap_ext": 0.0}, "SAFT": {"state": "OPEN DRIVE", "peak_tp": 57.45376738196035, "tp_open": null, "vwap_ext": 0.0}, "SSL": {"state": "QUIET", "peak_tp": 1.5844957184584572, "tp_open": null, "vwap_ext": 0.0002940097194401581}, "THC": {"state": "OPEN DRIVE", "peak_tp": 9.773439592180399, "tp_open": null, "vwap_ext": 0.011180981793587286}, "BDN": {"state": "QUIET", "peak_tp": 6.39284350433485, "tp_open": null, "vwap_ext": 0.003435621030532854}, "EVH": {"state": "QUIET", "peak_tp": 1.8589705920693176, "tp_open": null, "vwap_ext": 0.0}, "ITM": {"state": "QUIET", "peak_tp": 7.138964318169466, "tp_open": null, "vwap_ext": 0.0}, "MSBI": {"state": "QUIET", "peak_tp": 2.118087648674018, "tp_open": null, "vwap_ext": 0.0}, "NTGR": {"state": "QUIET", "peak_tp": 1.0944209230602882, "tp_open": null, "vwap_ext": 0.0}, "NVCR": {"state": "QUIET", "peak_tp": 5.301240707461539, "tp_open": null, "vwap_ext": 0.0}, "THRM": {"state": "QUIET", "peak_tp": 4.290367370312761, "tp_open": null, "vwap_ext": 0.015232333950742971}, "VNM": {"state": "QUIET", "peak_tp": 5.272591736276313, "tp_open": null, "vwap_ext": 0.0006933862029327997}, "ASTL": {"state": "QUIET", "peak_tp": 5.253643526678323, "tp_open": null, "vwap_ext": 0.006818191010463215}, "ELPC": {"state": "QUIET", "peak_tp": 3.515888887555938, "tp_open": null, "vwap_ext": 0.0008643042350906516}, "MSS": {"state": "OPEN DRIVE", "peak_tp": 353.5442752710413, "tp_open": null, "vwap_ext": 0.0}, "TSLZ": {"state": "QUIET", "peak_tp": 2.8387082554551055, "tp_open": null, "vwap_ext": 0.00990499872939199}, "VIVK": {"state": "OPEN DRIVE", "peak_tp": 87.95137459136318, "tp_open": null, "vwap_ext": 0.0}, "CDXS": {"state": "OPEN DRIVE", "peak_tp": 33.57841825840608, "tp_open": null, "vwap_ext": 0.022106369810345416}, "LVWR": {"state": "OPEN DRIVE", "peak_tp": 108.36889368494596, "tp_open": null, "vwap_ext": 0.015024886594765974}, "ZVRA": {"state": "OPEN DRIVE", "peak_tp": 7.772856225687527, "tp_open": null, "vwap_ext": 0.007072333526392471}, "KRNY": {"state": "QUIET", "peak_tp": 0.07622548508266097, "tp_open": null, "vwap_ext": 0.0}, "NBBK": {"state": "QUIET", "peak_tp": 0.6477091181231434, "tp_open": null, "vwap_ext": 0.003991029685658898}, "UVSP": {"state": "QUIET", "peak_tp": 0.7019848332077415, "tp_open": null, "vwap_ext": 0.0}, "WOOF": {"state": "QUIET", "peak_tp": 0.056331463920242006, "tp_open": null, "vwap_ext": 0.0}, "DLR": {"state": "OPEN DRIVE", "peak_tp": 8.420120181213214, "tp_open": null, "vwap_ext": 0.011921619551948481}, "DOMO": {"state": "QUIET", "peak_tp": 0.9755080099348672, "tp_open": null, "vwap_ext": 0.0}, "IPW": {"state": "QUIET", "peak_tp": 1.2057026078412545, "tp_open": null, "vwap_ext": 0.0}, "IKT": {"state": "QUIET", "peak_tp": 0.25722134003914404, "tp_open": null, "vwap_ext": 0.0007082152974502431}, "MXL": {"state": "OPEN DRIVE", "peak_tp": 9.313857017828306, "tp_open": null, "vwap_ext": 0.023530227385262892}, "SKYQ": {"state": "OPEN DRIVE", "peak_tp": 6.740973786351061, "tp_open": null, "vwap_ext": 0.0}, "RNG": {"state": "OPEN DRIVE", "peak_tp": 3.082877967621961, "tp_open": null, "vwap_ext": 0.054055367429879375}, "SSNC": {"state": "OPEN DRIVE", "peak_tp": 9.782931520173982, "tp_open": null, "vwap_ext": 0.029184726288435714}, "NEA": {"state": "QUIET", "peak_tp": 2.0452071366379094, "tp_open": null, "vwap_ext": 0.0005760905322718113}, "LEMB": {"state": "QUIET", "peak_tp": 0.5200553496412362, "tp_open": null, "vwap_ext": 0.0}, "HYLB": {"state": "QUIET", "peak_tp": 0.49925958648188695, "tp_open": null, "vwap_ext": 0.0}, "HYLS": {"state": "QUIET", "peak_tp": 0.5533831330524717, "tp_open": null, "vwap_ext": 0.0}, "NBIZ": {"state": "OPEN DRIVE", "peak_tp": 12.777138397987752, "tp_open": null, "vwap_ext": 0.004262865327558707}, "DBO": {"state": "QUIET", "peak_tp": 0.6034162608279535, "tp_open": null, "vwap_ext": 0.0}}