{"PLTK": {"state": "QUIET", "peak_tp": 1.0338969716013744, "tp_open": null, "vwap_ext": 0.006893943381764078}, "VNM": {"state": "COOLING", "peak_tp": 28.24660047752773, "tp_open": 4.647741653334244, "vwap_ext": 0.003152559587261461}, "XNCR": {"state": "QUIET", "peak_tp": 1.895081340182941, "tp_open": null, "vwap_ext": 0.0}, "BULL": {"state": "QUIET", "peak_tp": 1.2325525193857905, "tp_open": null, "vwap_ext": 0.008021610994916273}, "CLBK": {"state": "RUNNING", "peak_tp": 23.929663052052938, "tp_open": 5.902175823736594, "vwap_ext": 0.004540312484206055}, "FMNB": {"state": "RUNNING", "peak_tp": 2.362768104108523, "tp_open": 2.387549005097713, "vwap_ext": 0.007020854503380525}, "TLRY": {"state": "QUIET", "peak_tp": 1.5638493431708758, "tp_open": null, "vwap_ext": 0.0031104199066873672}, "ZCMD": {"state": "FADING", "peak_tp": 49.81869578971528, "tp_open": 19.640418684093895, "vwap_ext": 0.2779942498080381}, "ADTN": {"state": "COOLING", "peak_tp": 37.70003187165062, "tp_open": 10.277703680650388, "vwap_ext": 0.028233400600411906}, "DRH": {"state": "QUIET", "peak_tp": 1.7185725389595319, "tp_open": null, "vwap_ext": 0.0}, "FWRD": {"state": "QUIET", "peak_tp": 1.1145768158042089, "tp_open": null, "vwap_ext": 0.005172554079343472}, "REM": {"state": "RUNNING", "peak_tp": 19.278999249142867, "tp_open": 10.905812442955368, "vwap_ext": 0.0035648061289732524}, "AHCO": {"state": "QUIET", "peak_tp": 0.8236789400753297, "tp_open": null, "vwap_ext": 0.0015162924071914219}, "INM": {"state": "LEAVING", "peak_tp": 1459.8169544657683, "tp_open": 421.7922670327731, "vwap_ext": 0.038541290737631684}, "KLAR": {"state": "QUIET", "peak_tp": 0.71605399308797, "tp_open": null, "vwap_ext": 0.003021614681378848}, "KRNT": {"state": "QUIET", "peak_tp": 1.7784952234727474, "tp_open": null, "vwap_ext": 2.220446049250313e-16}, "LABT": {"state": "FADING", "peak_tp": 1558.380416858032, "tp_open": 969.5003337396822, "vwap_ext": 0.0}, "MCHB": {"state": "QUIET", "peak_tp": 2.4355308586100386, "tp_open": null, "vwap_ext": 0.0}, "OBE": {"state": "QUIET", "peak_tp": 3.9005737225497303, "tp_open": null, "vwap_ext": 0.0}, "ARWR": {"state": "FADING", "peak_tp": 12.208674737291613, "tp_open": 6.611499338531386, "vwap_ext": 0.015073268863571077}, "HZO": {"state": "QUIET", "peak_tp": 2.2099716897123036, "tp_open": null, "vwap_ext": 0.0}, "MGY": {"state": "QUIET", "peak_tp": 9.014594761084984, "tp_open": null, "vwap_ext": 0.001402466529718538}, "PEGA": {"state": "LEAVING", "peak_tp": 9.684376587026637, "tp_open": 8.292913334385897, "vwap_ext": 0.017791286588058064}, "AMLX": {"state": "QUIET", "peak_tp": 0.047614665266665135, "tp_open": null, "vwap_ext": 0.0}, "EPHE": {"state": "QUIET", "peak_tp": 0.5986180023671545, "tp_open": null, "vwap_ext": 0.000989511181476388}, "SHOE": {"state": "QUIET", "peak_tp": 0.5287244735187941, "tp_open": null, "vwap_ext": 0.0}, "XXI": {"state": "QUIET", "peak_tp": 3.3979294564380984, "tp_open": null, "vwap_ext": 0.0}, "ZYBT": {"state": "QUIET", "peak_tp": 0.5300884288081248, "tp_open": 1.2461025644387338, "vwap_ext": 0.0}, "SMCI": {"state": "RUNNING", "peak_tp": 10.031727436699194, "tp_open": 11.840078350026918, "vwap_ext": 0.031553546347200534}, "SMCX": {"state": "FADING", "peak_tp": 17.42020620972798, "tp_open": 14.16188806711951, "vwap_ext": 0.05215837079255503}, "CPHI": {"state": "QUIET", "peak_tp": 2.924189953664903, "tp_open": null, "vwap_ext": 0.008266181387755367}, "VIVK": {"state": "QUIET", "peak_tp": 1.0418758713064533, "tp_open": 0.372395785004994, "vwap_ext": 0.00019010556450149707}, "CPER": {"state": "QUIET", "peak_tp": 0.9419206489784673, "tp_open": null, "vwap_ext": 0.0}, "SLGB": {"state": "IGNITING", "peak_tp": 6.391662547451814, "tp_open": 0.4466867805959042, "vwap_ext": 0.02135353641567317}, "CBRG": {"state": "LEAVING", "peak_tp": 10.191070298843302, "tp_open": 15.463942000995464, "vwap_ext": 0.05166461359393071}, "BRSL": {"state": "OPEN DRIVE", "peak_tp": 3.246622569513219, "tp_open": null, "vwap_ext": 0.0}, "HAFC": {"state": "COOLING", "peak_tp": 3.932067486214135, "tp_open": 1.1102596580254833, "vwap_ext": 0.012999132608860986}, "JULW": {"state": "QUIET", "peak_tp": 0.0, "tp_open": 10.852379086017045, "vwap_ext": 0.0}, "KBDC": {"state": "QUIET", "peak_tp": 0.6238404625892339, "tp_open": 0.09927107579124539, "vwap_ext": 0.0}, "MATV": {"state": "QUIET", "peak_tp": 1.1397108567976717, "tp_open": 3.4999225844794704, "vwap_ext": 0.0}, "MTGP": {"state": "QUIET", "peak_tp": 0.0, "tp_open": 4.977061417367302, "vwap_ext": 0.00030339805825230215}, "SMCL": {"state": "COOLING", "peak_tp": 2.1824921732451075, "tp_open": 5.294953901235591, "vwap_ext": 0.04642035082529161}, "JMIA": {"state": "QUIET", "peak_tp": 1.2197859236333768, "tp_open": 3.8136450700269253, "vwap_ext": 0.0}, "KUST": {"state": "FADING", "peak_tp": 2.925330799833281, "tp_open": 38.038710239193584, "vwap_ext": 0.0}, "NEA": {"state": "FADING", "peak_tp": 14.03166312959266, "tp_open": 7.974820526199235, "vwap_ext": 0.0032099053656422516}, "SMCZ": {"state": "RUNNING", "peak_tp": 151.1535539104188, "tp_open": 411.448128320837, "vwap_ext": 0.0}, "VZLA": {"state": "IGNITING", "peak_tp": 4.4449723865064845, "tp_open": 2.0184451369901772, "vwap_ext": 0.025703920493575616}, "RYAM": {"state": "FADING", "peak_tp": 5.118435957877174, "tp_open": 2.954026792546845, "vwap_ext": 0.01510025784231428}, "WTI": {"state": "QUIET", "peak_tp": 1.2203089840616406, "tp_open": 1.6992690333971823, "vwap_ext": 0.0}, "DIHP": {"state": "FADING", "peak_tp": 2.936532968881507, "tp_open": 3.181182650693552, "vwap_ext": 0.00021417136808787873}, "NEWP": {"state": "FADING", "peak_tp": 3.7271285635207514, "tp_open": 3.1843594890409572, "vwap_ext": 0.029642354603987897}, "TIGR": {"state": "RUNNING", "peak_tp": 2.387870492612837, "tp_open": 6.756390664620187, "vwap_ext": 0.015185940229104133}, "APXT": {"state": "CHURN", "peak_tp": 596.677111101426, "tp_open": 141.66594196732765, "vwap_ext": 7.199856284301198e-05}, "CHAI": {"state": "IGNITING", "peak_tp": 131.05154558354903, "tp_open": 358.04659044702976, "vwap_ext": 0.0}, "RBKB": {"state": "RUNNING", "peak_tp": 132.24938422302992, "tp_open": 348.6652745338648, "vwap_ext": 0.0}, "UAE": {"state": "COOLING", "peak_tp": 9.527703873721627, "tp_open": 5.524306234436523, "vwap_ext": 0.0}, "BLFS": {"state": "FADING", "peak_tp": 26.317326510905644, "tp_open": 32.897555024397086, "vwap_ext": 0.01744074152885866}, "JDVI": {"state": "FADING", "peak_tp": 2.07863130580513, "tp_open": 0.6624291896617799, "vwap_ext": 0.0}, "WASH": {"state": "NEW MONEY", "peak_tp": 2.58526288577083, "tp_open": 1.229100726731356, "vwap_ext": 0.00043405523189243844}, "FLCH": {"state": "QUIET", "peak_tp": 1.3444694220190836, "tp_open": 0.4020082617243838, "vwap_ext": 0.0001554968123151923}, "FXU": {"state": "FADING", "peak_tp": 4.7443114781054625, "tp_open": 3.445019213709475, "vwap_ext": 0.003635551209746124}, "GTY": {"state": "QUIET", "peak_tp": 1.55542966707088, "tp_open": 2.270507382545557, "vwap_ext": 0.0}, "INLF": {"state": "QUIET", "peak_tp": 0.4699162509828253, "tp_open": 0.8996624956893726, "vwap_ext": 0.02489558901839861}, "OGG": {"state": "COOLING", "peak_tp": 10.675348844785033, "tp_open": 6.550580787610217, "vwap_ext": 0.005920082974591123}, "ADVB": {"state": "FADING", "peak_tp": 63.58278671330735, "tp_open": 29.86299696185837, "vwap_ext": 0.07072097463505678}, "AIRJ": {"state": "RUNNING", "peak_tp": 2.640203741469863, "tp_open": 6.38443101334414, "vwap_ext": 0.03554145629078431}, "CPF": {"state": "COOLING", "peak_tp": 4.5454623786813375, "tp_open": 0.12051899615482824, "vwap_ext": 0.0}, "DLLL": {"state": "FADING", "peak_tp": 3.2384235065003506, "tp_open": 4.821671441352557, "vwap_ext": 0.02530751253600494}, "JZXN": {"state": "QUIET", "peak_tp": 0.1792659978781385, "tp_open": 0.2123488056116233, "vwap_ext": 0.0}, "KSCP": {"state": "RUNNING", "peak_tp": 39.01277649646365, "tp_open": 18.675600922324982, "vwap_ext": 0.13203250421229917}, "FRST": {"state": "QUIET", "peak_tp": 1.4034585698601723,