{"PLTK": {"state": "QUIET", "peak_tp": 1.0338969716013744, "tp_open": null, "vwap_ext": 0.006893943381764078}, "VNM": {"state": "RUNNING", "peak_tp": 16.82382922745147, "tp_open": 4.647741653334244, "vwap_ext": 0.0011068249450540968}, "XNCR": {"state": "QUIET", "peak_tp": 1.895081340182941, "tp_open": null, "vwap_ext": 0.0}, "BULL": {"state": "QUIET", "peak_tp": 1.2325525193857905, "tp_open": null, "vwap_ext": 0.008021610994916273}, "CLBK": {"state": "QUIET", "peak_tp": 1.9306782318694136, "tp_open": null, "vwap_ext": 0.001924790022906686}, "FMNB": {"state": "COOLING", "peak_tp": 1.916553464843854, "tp_open": 2.387549005097713, "vwap_ext": 0.007020854503380525}, "TLRY": {"state": "QUIET", "peak_tp": 1.5638493431708758, "tp_open": null, "vwap_ext": 0.0031104199066873672}, "ZCMD": {"state": "IGNITING", "peak_tp": 49.81869578971528, "tp_open": 19.640418684093895, "vwap_ext": 0.051513966370670294}, "ADTN": {"state": "CHURN", "peak_tp": 37.70003187165062, "tp_open": 10.277703680650388, "vwap_ext": 0.028233400600411906}, "DRH": {"state": "QUIET", "peak_tp": 1.7185725389595319, "tp_open": null, "vwap_ext": 0.0}, "FWRD": {"state": "QUIET", "peak_tp": 1.1145768158042089, "tp_open": null, "vwap_ext": 0.005172554079343472}, "REM": {"state": "RUNNING", "peak_tp": 19.278999249142867, "tp_open": 10.905812442955368, "vwap_ext": 0.0}, "AHCO": {"state": "QUIET", "peak_tp": 0.8236789400753297, "tp_open": null, "vwap_ext": 0.0015162924071914219}, "INM": {"state": "LEAVING", "peak_tp": 1459.8169544657683, "tp_open": 421.7922670327731, "vwap_ext": 0.038541290737631684}, "KLAR": {"state": "QUIET", "peak_tp": 0.71605399308797, "tp_open": null, "vwap_ext": 0.003021614681378848}, "KRNT": {"state": "QUIET", "peak_tp": 1.7784952234727474, "tp_open": null, "vwap_ext": 2.220446049250313e-16}, "LABT": {"state": "FADING", "peak_tp": 1558.380416858032, "tp_open": 969.5003337396822, "vwap_ext": 0.0}, "MCHB": {"state": "QUIET", "peak_tp": 2.4355308586100386, "tp_open": null, "vwap_ext": 0.0}, "OBE": {"state": "QUIET", "peak_tp": 3.9005737225497303, "tp_open": null, "vwap_ext": 0.0}, "ARWR": {"state": "FADING", "peak_tp": 12.208674737291613, "tp_open": 6.611499338531386, "vwap_ext": 0.015073268863571077}, "HZO": {"state": "QUIET", "peak_tp": 2.2099716897123036, "tp_open": null, "vwap_ext": 0.0}, "MGY": {"state": "QUIET", "peak_tp": 9.014594761084984, "tp_open": null, "vwap_ext": 0.001402466529718538}, "PEGA": {"state": "RUNNING", "peak_tp": 9.684376587026637, "tp_open": 8.292913334385897, "vwap_ext": 0.017791286588058064}, "AMLX": {"state": "QUIET", "peak_tp": 0.047614665266665135, "tp_open": null, "vwap_ext": 0.0}, "EPHE": {"state": "QUIET", "peak_tp": 0.5986180023671545, "tp_open": null, "vwap_ext": 0.000989511181476388}, "SHOE": {"state": "QUIET", "peak_tp": 0.5287244735187941, "tp_open": null, "vwap_ext": 0.0}, "XXI": {"state": "QUIET", "peak_tp": 3.3979294564380984, "tp_open": null, "vwap_ext": 0.0}, "ZYBT": {"state": "QUIET", "peak_tp": 0.5300884288081248, "tp_open": 1.2461025644387338, "vwap_ext": 0.0}, "SMCI": {"state": "RUNNING", "peak_tp": 10.031727436699194, "tp_open": 11.840078350026918, "vwap_ext": 0.026373486814119884}, "SMCX": {"state": "FADING", "peak_tp": 17.42020620972798, "tp_open": 14.16188806711951, "vwap_ext": 0.04871209708341562}, "CPHI": {"state": "QUIET", "peak_tp": 2.924189953664903, "tp_open": null, "vwap_ext": 0.008266181387755367}, "VIVK": {"state": "QUIET", "peak_tp": 0.6208229316683687, "tp_open": 0.372395785004994, "vwap_ext": 0.00019010556450149707}, "CPER": {"state": "QUIET", "peak_tp": 0.9419206489784673, "tp_open": null, "vwap_ext": 0.0}, "SLGB": {"state": "QUIET", "peak_tp": 0.6438915627598402, "tp_open": 0.4466867805959042, "vwap_ext": 0.02050178581769102}, "CBRG": {"state": "FADING", "peak_tp": 10.191070298843302, "tp_open": 15.463942000995464, "vwap_ext": 0.05166461359393071}, "BRSL": {"state": "OPEN DRIVE", "peak_tp": 3.246622569513219, "tp_open": null, "vwap_ext": 0.0}, "HAFC": {"state": "QUIET", "peak_tp": 0.4298657016112466, "tp_open": 1.1102596580254833, "vwap_ext": 0.012999132608860986}, "JULW": {"state": "QUIET", "peak_tp": 0.0, "tp_open": 10.852379086017045, "vwap_ext": 0.0}, "KBDC": {"state": "QUIET", "peak_tp": 0.3142012632612555, "tp_open": 0.09927107579124539, "vwap_ext": 0.0}, "MATV": {"state": "QUIET", "peak_tp": 0.596150354176081, "tp_open": 3.4999225844794704, "vwap_ext": 0.0}, "MTGP": {"state": "QUIET", "peak_tp": 0.0, "tp_open": 4.977061417367302, "vwap_ext": 0.00030339805825230215}, "SMCL": {"state": "RUNNING", "peak_tp": 2.1824921732451075, "tp_open": 5.294953901235591, "vwap_ext": 0.04642035082529161}, "JMIA": {"state": "QUIET", "peak_tp": 0.8836046233121617, "tp_open": 3.8136450700269253, "vwap_ext": 0.0}, "KUST": {"state": "RUNNING", "peak_tp": 2.925330799833281, "tp_open": 38.038710239193584, "vwap_ext": 0.0}, "NEA": {"state": "RUNNING", "peak_tp": 2.2764682802101057, "tp_open": 7.974820526199235, "vwap_ext": 0.0032099053656422516}, "SMCZ": {"state": "RUNNING", "peak_tp": 138.0975535745848, "tp_open": 411.448128320837, "vwap_ext": 0.0}, "VZLA": {"state": "QUIET", "peak_tp": 1.545716118495076, "tp_open": 2.0184451369901772, "vwap_ext": 0.01630764796039008}, "RYAM": {"state": "CHURN", "peak_tp": 2.5911216436092386, "tp_open": 2.954026792546845, "vwap_ext": 0.01510025784231428}, "WTI": {"state": "QUIET", "peak_tp": 1.0227448397812153, "tp_open": 1.6992690333971823, "vwap_ext": 0.0}, "DIHP": {"state": "QUIET", "peak_tp": 1.1558703558502998, "tp_open": 3.181182650693552, "vwap_ext": 0.0}, "NEWP": {"state": "QUIET", "peak_tp": 0.9804614758555441, "tp_open": 3.1843594890409572, "vwap_ext": 0.01668031502208689}, "TIGR": {"state": "COOLING", "peak_tp": 2.1173819359169075, "tp_open": 6.756390664620187, "vwap_ext": 0.01291257978498428}, "APXT": {"state": "FADING", "peak_tp": 292.6080300098214, "tp_open": 141.66594196732765, "vwap_ext": 0.0}, "CHAI": {"state": "RUNNING", "peak_tp": 131.05154558354903, "tp_open": 358.04659044702976, "vwap_ext": 0.0}, "RBKB": {"state": "RUNNING", "peak_tp": 132.24938422302992, "tp_open": 348.6652745338648, "vwap_ext": 0.0}, "UAE": {"state": "COOLING", "peak_tp": 4.320835027525037, "tp_open": 5.524306234436523, "vwap_ext": 0.0}, "BLFS": {"state": "IGNITING", "peak_tp": 23.007342487086287, "tp_open": 32.897555024397086, "vwap_ext": 0.0}, "JDVI": {"state": "FADING", "peak_tp": 2.07863130580513, "tp_open": 0.6624291896617799, "vwap_ext": 0.0}, "WASH": {"state": "QUIET", "peak_tp": 0.0, "tp_open": 1.229100726731356, "vwap_ext": 0.00043405523189243844}, "FLCH": {"state": "QUIET", "peak_tp": 1.2614585393485707, "tp_open": 0.4020082617243838, "vwap_ext": 0.0001554968123151923}, "FXU": {"state": "RUNNING", "peak_tp": 3.681558593167891, "tp_open": 3.445019213709475, "vwap_ext": 0.003635551209746124}, "GTY": {"state": "QUIET", "peak_tp": 0.12028604967410317, "tp_open": 2.270507382545557, "vwap_ext": 0.0}, "INLF": {"state": "QUIET", "peak_tp": 0.4593432490201276, "tp_open": 0.8996624956893726, "vwap_ext": 0.02489558901839861}, "OGG": {"state": "RUNNING", "peak_tp": 3.8837670293219952, "tp_open": 6.550580787610217, "vwap_ext": 0.0}, "ADVB": {"state": "RUNNING", "peak_tp": 6.296363850055329, "tp_open": 29.86299696185837, "vwap_ext": 0.05302022679899121}, "AIRJ": {"state": "QUIET", "peak_tp": 1.3776910106074511, "tp_open": 6.38443101334414, "vwap_ext": 0.012937305968292234}, "CPF": {"state": "QUIET", "peak_tp": 0.7819780545426309, "tp_open": 0.12051899615482824, "vwap_ext": 0.0}, "DLLL": {"state": "QUIET", "peak_tp": 1.2156925376761145, "tp_open": 4.821671441352557, "vwap_ext": 0.02530751253600494}, "JZXN": {"state": "QUIET", "peak_tp": 0.16636181734089728, "tp_open": 0.2123488056116233, "vwap_ext": 0.0}, "KSCP": {"state": "IGNITING", "peak_tp": 23.693507360676517, "tp_open": 18.675600922324982, "vwap_ext": 0.13203250421229917}, "FRST": {"state": "QUIET", "peak_tp": 0.0, "tp_open": 2.2025404022724624, "vwap_ext": 0.0}, "GJUL": {"state": "QUIET", "peak_tp": 0.0, "tp_open": 56.57579851519842, "vwap_ext": 0.0},