{"KORU": {"state": "OPEN DRIVE", "peak_tp": 19.068133943513107, "tp_open": null, "vwap_ext": 0.0}, "ADVB": {"state": "OPEN DRIVE", "peak_tp": 3.8228706181319496, "tp_open": null, "vwap_ext": 0.0}, "BLFS": {"state": "QUIET", "peak_tp": 0.8037859191022568, "tp_open": null, "vwap_ext": 0.0005879958387986495}, "BNRG": {"state": "OPEN DRIVE", "peak_tp": 13.093220016008726, "tp_open": null, "vwap_ext": 0.0}, "HCSG": {"state": "QUIET", "peak_tp": 2.245393714498738, "tp_open": null, "vwap_ext": 0.0015510746731666192}, "PZZA": {"state": "QUIET", "peak_tp": 0.6269860238758563, "tp_open": null, "vwap_ext": 0.0}, "SAFT": {"state": "OPEN DRIVE", "peak_tp": 57.45376738196035, "tp_open": null, "vwap_ext": 0.0}, "SSL": {"state": "QUIET", "peak_tp": 1.3567630517887541, "tp_open": null, "vwap_ext": 0.0002818489289742043}, "THC": {"state": "OPEN DRIVE", "peak_tp": 9.773439592180399, "tp_open": null, "vwap_ext": 0.0019364252705580398}, "BDN": {"state": "OPEN DRIVE", "peak_tp": 6.39284350433485, "tp_open": null, "vwap_ext": 0.0}, "EVH": {"state": "QUIET", "peak_tp": 1.8589705920693176, "tp_open": null, "vwap_ext": 0.0}, "ITM": {"state": "OPEN DRIVE", "peak_tp": 7.138964318169466, "tp_open": null, "vwap_ext": 0.0}, "MSBI": {"state": "QUIET", "peak_tp": 2.118087648674018, "tp_open": null, "vwap_ext": 0.0}, "NTGR": {"state": "QUIET", "peak_tp": 1.0944209230602882, "tp_open": null, "vwap_ext": 0.0}, "NVCR": {"state": "OPEN DRIVE", "peak_tp": 5.301240707461539, "tp_open": null, "vwap_ext": 0.0}, "THRM": {"state": "OPEN DRIVE", "peak_tp": 3.2686082796697113, "tp_open": null, "vwap_ext": 0.0}, "VNM": {"state": "OPEN DRIVE", "peak_tp": 5.272591736276313, "tp_open": null, "vwap_ext": 0.0}, "ASTL": {"state": "OPEN DRIVE", "peak_tp": 5.253643526678323, "tp_open": null, "vwap_ext": 0.002704791344667612}, "ELPC": {"state": "OPEN DRIVE", "peak_tp": 3.515888887555938, "tp_open": null, "vwap_ext": 0.0}, "MSS": {"state": "OPEN DRIVE", "peak_tp": 353.5442752710413, "tp_open": null, "vwap_ext": 0.0}, "TSLZ": {"state": "QUIET", "peak_tp": 2.8387082554551055, "tp_open": null, "vwap_ext": 0.00990499872939199}, "VIVK": {"state": "OPEN DRIVE", "peak_tp": 87.95137459136318, "tp_open": null, "vwap_ext": 0.0}}