{"ADVB": {"state": "LEAVING", "peak_tp": 15.677781919135706, "tp_open": 9.19749444901041, "vwap_ext": 0.08268173966725234}, "BAR": {"state": "COOLING", "peak_tp": 29.32771492589391, "tp_open": 12.885057437143741, "vwap_ext": 0.0007387649188324019}, "DC": {"state": "QUIET", "peak_tp": 1.695638162491374, "tp_open": 1.2027794836641739, "vwap_ext": 0.007506446865080951}, "DOMO": {"state": "FADING", "peak_tp": 40.70679668253735, "tp_open": 19.171274103043203, "vwap_ext": 0.021283525765675382}, "ETON": {"state": "FADING", "peak_tp": 3.483382527428965, "tp_open": 0.7994757248175807, "vwap_ext": 0.01492653137744826}, "GGLL": {"state": "RUNNING", "peak_tp": 15.341293890966273, "tp_open": 9.186873347575784, "vwap_ext": 0.005116773548887288}, "ITRG": {"state": "COOLING", "peak_tp": 1.9267138460110682, "tp_open": 0.19417879916184852, "vwap_ext": 0.005622553408959341}, "PUK": {"state": "COOLING", "peak_tp": 5.448647438313217, "tp_open": 1.0849787192052278, "vwap_ext": 0.003510306620239989}, "CLF": {"state": "FADING", "peak_tp": 10.579962574866618, "tp_open": 5.332978613103754, "vwap_ext": 0.02684186711070735}, "HAFC": {"state": "QUIET", "peak_tp": 1.4959401888868846, "tp_open": 0.526141897490068, "vwap_ext": 0.008218800799997483}, "IMAX": {"state": "FADING", "peak_tp": 46.121529234496755, "tp_open": 10.236294725153032, "vwap_ext": 0.026609810553507307}, "MEDP": {"state": "LEAVING", "peak_tp": 18.95608398350652, "tp_open": 7.260894387436704, "vwap_ext": 0.01856023564199094}, "REM": {"state": "RUNNING", "peak_tp": 7.867097111952059, "tp_open": 4.719643571938903, "vwap_ext": 0.0007207064602610114}, "STM": {"state": "OPEN DRIVE", "peak_tp": 10.173467625970881, "tp_open": null, "vwap_ext": 0.02226929905788566}, "TSLL": {"state": "OPEN DRIVE", "peak_tp": 7.163585984686208, "tp_open": null, "vwap_ext": 0.0}, "URI": {"state": "OPEN DRIVE", "peak_tp": 11.561084230009488, "tp_open": null, "vwap_ext": 0.025207612420732328}, "AMBP": {"state": "FADING", "peak_tp": 10.113072993201321, "tp_open": 3.9729618693324205, "vwap_ext": 0.009229322446173471}, "DGX": {"state": "FADING", "peak_tp": 13.929004744918084, "tp_open": 9.558899406814028, "vwap_ext": 0.009109941594686699}, "GEVO": {"state": "FADING", "peak_tp": 2.5613259223435425, "tp_open": 0.8051972575094029, "vwap_ext": 0.040981747559406534}, "USAS": {"state": "LEAVING", "peak_tp": 5.447145285222198, "tp_open": 2.7484688694649035, "vwap_ext": 0.01957957378801356}, "APPN": {"state": "COOLING", "peak_tp": 2.832239178154364, "tp_open": 1.0389066326565348, "vwap_ext": 0.004388389325737485}, "EHGO": {"state": "LEAVING", "peak_tp": 102.92153890291677, "tp_open": 25.597816283436543, "vwap_ext": 0.06268322492970113}, "KODK": {"state": "NEW MONEY", "peak_tp": 2.6063843324013902, "tp_open": 1.049441380407868, "vwap_ext": 0.005039306591413162}, "UROY": {"state": "COOLING", "peak_tp": 2.8184364956109373, "tp_open": 0.47668772347261007, "vwap_ext": 0.014080092573874214}, "WBUY": {"state": "OPEN DRIVE", "peak_tp": 13009.196241248672, "tp_open": null, "vwap_ext": 0.05884238928510577}, "XIFR": {"state": "QUIET", "peak_tp": 0.4923877002694386, "tp_open": 0.04949076869414304, "vwap_ext": 0.0023200654597950177}, "ACI": {"state": "RUNNING", "peak_tp": 10.731684778954465, "tp_open": 3.7636796791240714, "vwap_ext": 0.0010054226261639876}, "KREF": {"state": "NEW MONEY", "peak_tp": 3.7908232983411545, "tp_open": 0.6618461241691045, "vwap_ext": 0.011777735894802799}, "LBRX": {"state": "RUNNING", "peak_tp": 4.08360132464138, "tp_open": 2.2398745857732494, "vwap_ext": 0.009308542198919412}, "NVEC": {"state": "FADING", "peak_tp": 14.129670373987853, "tp_open": 6.207827935019377, "vwap_ext": 0.05682971450862473}, "TSLQ": {"state": "QUIET", "peak_tp": 2.814436995730093, "tp_open": null, "vwap_ext": 0.02708976796256235}, "ROL": {"state": "OPEN DRIVE", "peak_tp": 9.419169583042295, "tp_open": null, "vwap_ext": 0.023331718340102947}, "SUPV": {"state": "COOLING", "peak_tp": 2.463903050042294, "tp_open": 1.3846011139921552, "vwap_ext": 0.0027111955848109215}, "TSLT": {"state": "QUIET", "peak_tp": 7.055474821201565, "tp_open": null, "vwap_ext": 0.0}, "OGG": {"state": "QUIET", "peak_tp": 1.2189694037408028, "tp_open": 0.27029202177143996, "vwap_ext": 0.016540323383882782}, "NBBK": {"state": "RUNNING", "peak_tp": 12.227460048725266, "tp_open": 5.408996451514216, "vwap_ext": 0.012624532782508524}, "NVCR": {"state": "RUNNING", "peak_tp": 20.081902084418036, "tp_open": 12.022652730066925, "vwap_ext": 0.05329194319571484}, "LXEO": {"state": "QUIET", "peak_tp": 0.7527606763691445, "tp_open": 0.39393085782938136, "vwap_ext": 0.027059300124325336}, "TWO": {"state": "COOLING", "peak_tp": 1.8983136833206067, "tp_open": 0.47285430846584564, "vwap_ext": 0.0008551739624931276}, "TEO": {"state": "QUIET", "peak_tp": 1.0621142972069062, "tp_open": 0.4144397255193432, "vwap_ext": 0.008593050434364535}, "ACT": {"state": "QUIET", "peak_tp": 1.3781486380017658, "tp_open": 0.18377707398018883, "vwap_ext": 0.00011701504000338758}, "TBN": {"state": "NEW MONEY", "peak_tp": 2.576809276359436, "tp_open": 0.43721377920418286, "vwap_ext": 0.01206727837717203}, "TSLZ": {"state": "QUIET", "peak_tp": 2.078064901040979, "tp_open": null, "vwap_ext": 0.030208845566510822}, "SKYQ": {"state": "QUIET", "peak_tp": 6.004795679177222, "tp_open": null, "vwap_ext": 0.1806669794177711}, "TSDD": {"state": "QUIET", "peak_tp": 1.6694858174688025, "tp_open": null, "vwap_ext": 0.029383795069662932}, "PN": {"state": "QUIET", "peak_tp": 5.591998460425856, "tp_open": null, "vwap_ext": 0.0036162437639388756}, "MAGX": {"state": "RUNNING", "peak_tp": 344.0293999366031, "tp_open": 142.3109331512586, "vwap_ext": 0.0}, "NTGR": {"state": "FADING", "peak_tp": 3.366989923083125, "tp_open": 1.5357227134427223, "vwap_ext": 0.008867497428318716}, "CSTL": {"state": "QUIET", "peak_tp": 1.4820388259732677, "tp_open": 0.21079721425886822, "vwap_ext": 0.00979893823622402}, "CRSR": {"state": "QUIET", "peak_tp": 0.8280352678192585, "tp_open": 0.12522645721948922, "vwap_ext": 0.007496732517888738}, "RBKB": {"state": "OPEN DRIVE", "peak_tp": 5.275344825469849, "tp_open": null, "vwap_ext": 2.220446049250313e-16}, "PAG": {"state": "QUIET", "peak_tp": 1.0384577615837711, "tp_open": 0.42813938995217105, "vwap_ext": 0.0010382398464414688}, "RELL": {"state": "OPEN DRIVE", "peak_tp": 4.640613891832527, "tp_open": null, "vwap_ext": 0.03522238751048201}, "SPHY": {"state": "OPEN DRIVE", "peak_tp": 83.77015101657179, "tp_open": null, "vwap_ext": 8.580231116495085e-06}, "CJMB": {"state": "LEAVING", "peak_tp": 67.56841281182356, "tp_open": 37.7215397751196, "vwap_ext": 0.06561592059085242}, "INLF": {"state": "QUIET", "peak_tp": 0.877463586475735, "tp_open": 0.11694470991609658, "vwap_ext": 0.010864644635581788}, "ASCE": {"state": "COOLING", "peak_tp": 3.374480308900984, "tp_open": 0.6736378911326308, "vwap_ext": 0.0010332103321031294}, "COAL": {"state": "QUIET", "peak_tp": 1.6050124257248939, "tp_open": 24.035605666038027, "vwap_ext": 0.0}, "FTA": {"state": "FADING", "peak_tp": 2.9592870218430165, "tp_open": 1.1806983790604981, "vwap_ext": 0.0}, "FSBC": {"state": "COOLING", "peak_tp": 25.72846774133638, "tp_open": 20.16890428788956, "vwap_ext": 0.014675419503179743}, "FAX": {"state": "COOLING", "peak_tp": 29.013085464821582, "tp_open": 0.1495071040884852, "vwap_ext": 0.0007797488094907212}, "IBDY": {"state": "NEW MONEY", "peak_tp": 12.648882187851209, "tp_open": 0.3140515120599238, "vwap_ext": 0.0003221649484537181}, "IYF": {"state": "QUIET", "peak_tp": 1.052908101408448, "tp_open": 11.955656941149796, "vwap_ext": 0.0}, "JQUA": {"state": "QUIET", "peak_tp": 1.643940690105391, "tp_open": 0.46200820379994606, "vwap_ext": 9.341865570555719e-05}, "GARP": {"state": "COOLING", "peak_tp": 64.09315810729893, "tp_open": 19.21003051313036, "vwap_ext": 0.0}, "EUSA": {"state": "NEW MONEY", "peak_tp": 3.3866013278125795, "tp_open": 1.1483066503113029, "vwap_ext": 2.220446049250313e-16}, "ENZL": {"state": "COOLING", "peak_tp": 3.299742784467664,