{"PLTK": {"state": "QUIET", "peak_tp": 0.420936362366964, "tp_open": null, "vwap_ext": 0.0}, "VNM": {"state": "OPEN DRIVE", "peak_tp": 16.82382922745147, "tp_open": null, "vwap_ext": 0.0}, "XNCR": {"state": "QUIET", "peak_tp": 1.895081340182941, "tp_open": null, "vwap_ext": 0.0}, "BULL": {"state": "QUIET", "peak_tp": 1.2325525193857905, "tp_open": null, "vwap_ext": 0.008021610994916273}, "CLBK": {"state": "QUIET", "peak_tp": 1.4107294519882743, "tp_open": null, "vwap_ext": 0.001924790022906686}, "FMNB": {"state": "QUIET", "peak_tp": 0.8673115703750914, "tp_open": null, "vwap_ext": 2.220446049250313e-16}, "TLRY": {"state": "QUIET", "peak_tp": 1.5638493431708758, "tp_open": null, "vwap_ext": 0.0031104199066873672}, "ZCMD": {"state": "OPEN DRIVE", "peak_tp": 37.23210045445852, "tp_open": null, "vwap_ext": 0.051513966370670294}, "ADTN": {"state": "OPEN DRIVE", "peak_tp": 37.70003187165062, "tp_open": null, "vwap_ext": 0.0}, "DRH": {"state": "QUIET", "peak_tp": 0.4635375478657701, "tp_open": null, "vwap_ext": 0.0}, "FWRD": {"state": "QUIET", "peak_tp": 1.1145768158042089, "tp_open": null, "vwap_ext": 0.0}, "REM": {"state": "OPEN DRIVE", "peak_tp": 19.278999249142867, "tp_open": null, "vwap_ext": 0.0}, "AHCO": {"state": "QUIET", "peak_tp": 0.8236789400753297, "tp_open": null, "vwap_ext": 0.0}, "INM": {"state": "OPEN DRIVE", "peak_tp": 1459.8169544657683, "tp_open": null, "vwap_ext": 0.038541290737631684}, "KLAR": {"state": "QUIET", "peak_tp": 0.6515897375062567, "tp_open": null, "vwap_ext": 0.003021614681378848}, "KRNT": {"state": "QUIET", "peak_tp": 1.7784952234727474, "tp_open": null, "vwap_ext": 2.220446049250313e-16}, "LABT": {"state": "OPEN DRIVE", "peak_tp": 1558.380416858032, "tp_open": null, "vwap_ext": 0.0}, "MCHB": {"state": "QUIET", "peak_tp": 2.4355308586100386, "tp_open": null, "vwap_ext": 0.0}, "OBE": {"state": "OPEN DRIVE", "peak_tp": 3.9005737225497303, "tp_open": null, "vwap_ext": 0.0}, "ARWR": {"state": "OPEN DRIVE", "peak_tp": 12.208674737291613, "tp_open": null, "vwap_ext": 0.015073268863571077}, "HZO": {"state": "QUIET", "peak_tp": 2.2099716897123036, "tp_open": null, "vwap_ext": 0.0}, "MGY": {"state": "OPEN DRIVE", "peak_tp": 9.014594761084984, "tp_open": null, "vwap_ext": 0.0004855584802794244}, "PEGA": {"state": "OPEN DRIVE", "peak_tp": 9.684376587026637, "tp_open": null, "vwap_ext": 0.0}}