{"KORU": {"state": "COOLING", "peak_tp": 19.068133943513107, "tp_open": 2.442959969045673, "vwap_ext": 7.404154042123245e-05}, "ADVB": {"state": "LEAVING", "peak_tp": 3.9813774621895694, "tp_open": 1.8047068453571702, "vwap_ext": 0.04780197927674679}, "BLFS": {"state": "NEW MONEY", "peak_tp": 2.7021513633994125, "tp_open": 0.427324599746526, "vwap_ext": 0.0005879958387986495}, "BNRG": {"state": "IGNITING", "peak_tp": 36.45656420718791, "tp_open": 20.0380666593571, "vwap_ext": 0.04694289873102142}, "HCSG": {"state": "FADING", "peak_tp": 8.186026485340308, "tp_open": 3.6709078686283343, "vwap_ext": 0.0075598804758461036}, "PZZA": {"state": "QUIET", "peak_tp": 1.1612382873256353, "tp_open": 0.28920068571923924, "vwap_ext": 0.003931179202351309}, "SAFT": {"state": "OPEN DRIVE", "peak_tp": 57.45376738196035, "tp_open": null, "vwap_ext": 0.00011648029308286567}, "SSL": {"state": "QUIET", "peak_tp": 1.5844957184584572, "tp_open": 0.6963176017560918, "vwap_ext": 0.0044888375928247015}, "THC": {"state": "OPEN DRIVE", "peak_tp": 9.773439592180399, "tp_open": null, "vwap_ext": 0.011180981793587286}, "BDN": {"state": "FADING", "peak_tp": 6.39284350433485, "tp_open": 0.7752625507207159, "vwap_ext": 0.014246087541534669}, "EVH": {"state": "NEW MONEY", "peak_tp": 4.0343328598305375, "tp_open": 0.8788727358804614, "vwap_ext": 0.0015594773765135184}, "ITM": {"state": "FADING", "peak_tp": 7.138964318169466, "tp_open": 0.568981831325612, "vwap_ext": 0.000726110949752945}, "MSBI": {"state": "FADING", "peak_tp": 2.6423967244413515, "tp_open": 0.22915856616252636, "vwap_ext": 0.011267685742305522}, "NTGR": {"state": "QUIET", "peak_tp": 1.0944209230602882, "tp_open": 0.3229275705766981, "vwap_ext": 0.008627489745492323}, "NVCR": {"state": "RUNNING", "peak_tp": 5.301240707461539, "tp_open": 2.2274514742940186, "vwap_ext": 0.0}, "THRM": {"state": "LEAVING", "peak_tp": 6.280433242338251, "tp_open": 1.1088416871574547, "vwap_ext": 0.0171655609815744}, "VNM": {"state": "COOLING", "peak_tp": 5.272591736276313, "tp_open": 0.8482640753164374, "vwap_ext": 0.0013786353208529167}, "ASTL": {"state": "COOLING", "peak_tp": 5.253643526678323, "tp_open": 1.019964322108113, "vwap_ext": 0.009109892279630216}, "ELPC": {"state": "COOLING", "peak_tp": 3.515888887555938, "tp_open": 0.7633128027407285, "vwap_ext": 0.0033183988386447094}, "MSS": {"state": "RUNNING", "peak_tp": 353.5442752710413, "tp_open": 70.97633861227577, "vwap_ext": 0.013941718842757744}, "TSLZ": {"state": "COOLING", "peak_tp": 2.8387082554551055, "tp_open": 1.3097413277336183, "vwap_ext": 0.03719709903723989}, "VIVK": {"state": "QUIET", "peak_tp": 87.95137459136318, "tp_open": null, "vwap_ext": 0.0}, "CDXS": {"state": "LEAVING", "peak_tp": 33.57841825840608, "tp_open": 18.25762780406412, "vwap_ext": 0.031689881920405005}, "LVWR": {"state": "LEAVING", "peak_tp": 323.5235428874574, "tp_open": 180.9509035527408, "vwap_ext": 0.06395620750212805}, "ZVRA": {"state": "OPEN DRIVE", "peak_tp": 7.772856225687527, "tp_open": null, "vwap_ext": 0.010875535950642723}, "KRNY": {"state": "FADING", "peak_tp": 4.311993178188474, "tp_open": 0.6246310928983283, "vwap_ext": 0.010859028519135228}, "NBBK": {"state": "FADING", "peak_tp": 10.87889111760598, "tp_open": 3.8534352382551207, "vwap_ext": 0.004802927535885404}, "UVSP": {"state": "QUIET", "peak_tp": 1.409952811665586, "tp_open": 0.2593686981351502, "vwap_ext": 0.006340641968520133}, "WOOF": {"state": "QUIET", "peak_tp": 1.5535069019652599, "tp_open": 0.1696169304699225, "vwap_ext": 0.014532372119538062}, "DLR": {"state": "RUNNING", "peak_tp": 9.935960778819945, "tp_open": 8.541371490478204, "vwap_ext": 0.018817634458695887}, "DOMO": {"state": "COOLING", "peak_tp": 3.1527951665704053, "tp_open": 1.2240390176325728, "vwap_ext": 0.013942636631950833}, "IPW": {"state": "NEW MONEY", "peak_tp": 5.111545452859098, "tp_open": 1.2240960596074077, "vwap_ext": 0.0}, "IKT": {"state": "NEW MONEY", "peak_tp": 4.925447699647223, "tp_open": 0.8530764776293317, "vwap_ext": 0.026541002306563977}, "MXL": {"state": "OPEN DRIVE", "peak_tp": 9.313857017828306, "tp_open": null, "vwap_ext": 0.023530227385262892}, "SKYQ": {"state": "OPEN DRIVE", "peak_tp": 6.740973786351061, "tp_open": null, "vwap_ext": 0.0}, "RNG": {"state": "OPEN DRIVE", "peak_tp": 3.77211664889066, "tp_open": null, "vwap_ext": 0.054055367429879375}, "SSNC": {"state": "QUIET", "peak_tp": 9.782931520173982, "tp_open": null, "vwap_ext": 0.03384943125238071}, "NEA": {"state": "FADING", "peak_tp": 2.0452071366379094, "tp_open": 1.3245829949741073, "vwap_ext": 0.0014883365820288486}, "LEMB": {"state": "RUNNING", "peak_tp": 11.841098754480367, "tp_open": 0.25288689291886723, "vwap_ext": 0.0003024378652205506}, "HYLB": {"state": "QUIET", "peak_tp": 1.7396660815679703, "tp_open": 0.4974671316423399, "vwap_ext": 0.00018818370396167516}, "HYLS": {"state": "NEW MONEY", "peak_tp": 2.332002200566502, "tp_open": 0.17124110634748602, "vwap_ext": 9.094242950236087e-05}, "NBIZ": {"state": "QUIET", "peak_tp": 12.777138397987752, "tp_open": null, "vwap_ext": 0.05851885828167713}, "DBO": {"state": "NEW MONEY", "peak_tp": 6.362193143948885, "tp_open": 0.9080989085867579, "vwap_ext": 0.0007139486120779637}, "DRAL": {"state": "RUNNING", "peak_tp": 247.62395614402075, "tp_open": 134.06390125384692, "vwap_ext": 0.0}, "CJMB": {"state": "FADING", "peak_tp": 27.143460687742206, "tp_open": 17.959612886721867, "vwap_ext": 0.1579487607184673}, "WBUY": {"state": "QUIET", "peak_tp": 0.21776857590900403, "tp_open": null, "vwap_ext": 0.0}, "FSBC": {"state": "QUIET", "peak_tp": 1.6521368616588252, "tp_open": 0.08138642676733886, "vwap_ext": 0.008951085241388546}, "LODE": {"state": "RUNNING", "peak_tp": 8.502401905036765, "tp_open": 4.012538366570881, "vwap_ext": 0.0146629243428118}, "BAH": {"state": "FADING", "peak_tp": 4.4999793793678755, "tp_open": 3.509811385654792, "vwap_ext": 0.04945922307655737}, "NBIL": {"state": "QUIET", "peak_tp": 2.5583299922952025, "tp_open": null, "vwap_ext": 0.0}, "SFL": {"state": "QUIET", "peak_tp": 1.6170218862334422, "tp_open": 0.1623326453463261, "vwap_ext": 0.002537994350504391}, "SMBS": {"state": "QUIET", "peak_tp": 0.05248909015281631, "tp_open": null, "vwap_ext": 0.0}, "AAOX": {"state": "QUIET", "peak_tp": 1.7586527646024552, "tp_open": 1.3318395058370476, "vwap_ext": 0.0}, "RAVI": {"state": "OPEN DRIVE", "peak_tp": 166.72102160912723, "tp_open": null, "vwap_ext": 6.95309191356408e-05}, "CHIQ": {"state": "RUNNING", "peak_tp": 62.950510576373475, "tp_open": 61.22329256637651, "vwap_ext": 0.0}, "CGBD": {"state": "QUIET", "peak_tp": 0.42948062441530305, "tp_open": 0.03658992589649128, "vwap_ext": 0.0}, "CBRZ": {"state": "CHURN", "peak_tp": 25.047384321681335, "tp_open": 18.41773686703059, "vwap_ext": 0.07064099720388128}, "CORD": {"state": "FADING", "peak_tp": 2.161141144232815, "tp_open": 2.355745838092207, "vwap_ext": 0.04387258008607109}, "HTH": {"state": "QUIET", "peak_tp": 1.3083256024034597, "tp_open": 0.4574291365934388, "vwap_ext": 0.002285693701228997}, "PIZ": {"state": "OPEN DRIVE", "peak_tp": 67.62399641172968, "tp_open": null, "vwap_ext": 0.0}, "NHIC": {"state": "QUIET", "peak_tp": 1.5672655989205886, "tp_open": null, "vwap_ext": 0.0}, "GMUB": {"state": "RUNNING", "peak_tp": 56.91055608499271, "tp_open": 6.721249718744655, "vwap_ext": 0.0}, "DFAT": {"state": "QUIET", "peak_tp": 1.3535588464728872, "tp_open": 0.21178197021965525, "vwap_ext": 0.0009103143593844898}, "GTEK": {"state": "COOLING", "peak_tp": 2.9477422069199832, "tp_open": 0.6145822222047757, "vwap_ext": 0.0}, "GJUL": {"state": "CHURN", "peak_tp": 28.30758445888532, "tp_open": 6.517612855195057, "vwap_ext": 0.0}, "BAB": {"state": "QUIET", "peak_tp": 0.542238543738559, "tp_open": 0.15293033576609563, "vwap_ext": 0.00037907505686129994}, "CBRG": {"state": "COOLING", "peak_tp": 3.9306108391680525, "tp_open": 2.2299088118948913, "vwap_ext": 0.0}, "EDZ": {"state": "FADING", "peak_tp": 5.034776545169983, "tp_open": 0.2923009227377703, "vwap_ext": 0.006743174546351538},