{"v": 4, "ts": "2026-07-24T09:19:51-04:00", "session": "pre", "rows": [{"ticker": "VIVK", "last": 3.39, "gap": 0.4865, "dollars": 652274.2899999999, "vs_adv": 5.54, "new": false}, {"ticker": "BNRG", "last": 1.04, "gap": 0.3761, "dollars": 319974.39, "vs_adv": 23.08, "new": false}, {"ticker": "MSS", "last": 3.2, "gap": 0.5123, "dollars": 120747.51999999999, "vs_adv": 32.93, "new": true}]}