{"v": 4, "ts": "2026-07-23T08:44:17-04:00", "session": "pre", "rows": [{"ticker": "WBUY", "last": 1.63, "gap": 1.1995, "dollars": 2071301.23, "vs_adv": 2025.68, "new": false}, {"ticker": "DOMO", "last": 4.2, "gap": 0.3666, "dollars": 276734.35000000003, "vs_adv": 0.79, "new": false}, {"ticker": "EHGO", "last": 2.43, "gap": 0.267, "dollars": 84537.41000000002, "vs_adv": 1.25, "new": false}]}