{"v": 4, "ts": "2026-07-22T09:20:44-04:00", "session": "pre", "rows": [{"ticker": "LABT", "last": 6.12, "gap": 2.2831, "dollars": 566439.8200000001, "vs_adv": 155.61, "new": false}, {"ticker": "INM", "last": 2.09, "gap": 0.4101, "dollars": 174382.93000000002, "vs_adv": 44.31, "new": false}, {"ticker": "ZCMD", "last": 2.23, "gap": 0.5607, "dollars": 84693.50000000001, "vs_adv": 1.01, "new": false}]}