{"v": 4, "ts": "2026-07-22T09:09:29-04:00", "session": "pre", "rows": [{"ticker": "LABT", "last": 5.76, "gap": 2.3033, "dollars": 482795.48000000004, "vs_adv": 131.82, "new": false}, {"ticker": "INM", "last": 2.18, "gap": 0.4097, "dollars": 161882.10000000003, "vs_adv": 41.14, "new": false}]}