{"v": 4, "ts": "2026-07-23T09:10:32-04:00", "session": "pre", "rows": [{"ticker": "WBUY", "last": 1.31, "gap": 1.2401, "dollars": 3181588.0100000007, "vs_adv": 3055.09, "new": false}, {"ticker": "EHGO", "last": 2.79, "gap": 0.4235, "dollars": 448264.74, "vs_adv": 5.9, "new": false}, {"ticker": "DOMO", "last": 4.32, "gap": 0.3646, "dollars": 338395.55999999994, "vs_adv": 0.97, "new": false}]}