{"v": 4, "ts": "2026-07-23T08:48:02-04:00", "session": "pre", "rows": [{"ticker": "WBUY", "last": 1.55, "gap": 1.2319, "dollars": 2343822.1799999997, "vs_adv": 2258.91, "new": false}, {"ticker": "DOMO", "last": 4.22, "gap": 0.3661, "dollars": 282121.84, "vs_adv": 0.81, "new": false}, {"ticker": "EHGO", "last": 2.53, "gap": 0.2903, "dollars": 121589.26000000001, "vs_adv": 1.76, "new": false}]}