{"v": 4, "ts": "2026-07-22T09:24:29-04:00", "session": "pre", "rows": [{"ticker": "LABT", "last": 6.17, "gap": 2.2878, "dollars": 585351.5, "vs_adv": 160.58, "new": false}, {"ticker": "ZCMD", "last": 2.16, "gap": 0.5586, "dollars": 90052.31999999999, "vs_adv": 1.07, "new": false}, {"ticker": "INM", "last": 2.1, "gap": 0.4096, "dollars": 177797.87000000002, "vs_adv": 45.19, "new": false}]}