{"v": 4, "ts": "2026-07-23T08:40:32-04:00", "session": "pre", "rows": [{"ticker": "WBUY", "last": 1.59, "gap": 1.1491, "dollars": 1697178.4100000001, "vs_adv": 1698.72, "new": false}, {"ticker": "DOMO", "last": 4.24, "gap": 0.3678, "dollars": 264850.79, "vs_adv": 0.76, "new": false}, {"ticker": "EHGO", "last": 2.3, "gap": 0.2589, "dollars": 73840.36000000002, "vs_adv": 1.1, "new": false}]}