{"v": 4, "ts": "2026-07-22T09:13:14-04:00", "session": "pre", "rows": [{"ticker": "LABT", "last": 5.7, "gap": 2.278, "dollars": 538413.4700000001, "vs_adv": 148.15, "new": false}, {"ticker": "INM", "last": 2.16, "gap": 0.4103, "dollars": 164324.90000000002, "vs_adv": 41.75, "new": false}]}