{"v": 4, "ts": "2026-07-22T08:58:14-04:00", "session": "pre", "rows": [{"ticker": "LABT", "last": 6.62, "gap": 2.2847, "dollars": 409532.70999999996, "vs_adv": 112.45, "new": false}, {"ticker": "INM", "last": 2.07, "gap": 0.4035, "dollars": 133844.65000000002, "vs_adv": 34.17, "new": false}]}