{"v": 4, "ts": "2026-07-23T08:59:17-04:00", "session": "pre", "rows": [{"ticker": "WBUY", "last": 1.5, "gap": 1.2503, "dollars": 2788592.17, "vs_adv": 2665.54, "new": false}, {"ticker": "DOMO", "last": 4.24, "gap": 0.3648, "dollars": 305960.85000000003, "vs_adv": 0.88, "new": false}, {"ticker": "EHGO", "last": 2.58, "gap": 0.3536, "dollars": 265990.94999999995, "vs_adv": 3.68, "new": false}]}