{"v": 4, "ts": "2026-07-24T08:27:21-04:00", "session": "pre", "rows": [{"ticker": "VIVK", "last": 2.99, "gap": 0.4395, "dollars": 283669.86000000004, "vs_adv": 2.49, "new": false}, {"ticker": "BNRG", "last": 1.17, "gap": 0.4125, "dollars": 146033.83999999997, "vs_adv": 10.26, "new": false}]}