{"v": 4, "ts": "2026-07-24T08:46:06-04:00", "session": "pre", "rows": [{"ticker": "VIVK", "last": 3.3, "gap": 0.4667, "dollars": 462479.67000000004, "vs_adv": 3.98, "new": false}, {"ticker": "BNRG", "last": 1.1, "gap": 0.3932, "dollars": 238011.62999999998, "vs_adv": 16.95, "new": false}]}