{"v": 4, "ts": "2026-07-22T09:16:59-04:00", "session": "pre", "rows": [{"ticker": "LABT", "last": 5.88, "gap": 2.2776, "dollars": 545132.4700000001, "vs_adv": 150.01, "new": false}, {"ticker": "INM", "last": 2.08, "gap": 0.4102, "dollars": 171437.21000000002, "vs_adv": 43.56, "new": false}, {"ticker": "ZCMD", "last": 2.24, "gap": 0.5631, "dollars": 72121.44, "vs_adv": 0.86, "new": true}]}