{"v": 4, "ts": "2026-07-22T09:28:14-04:00", "session": "pre", "rows": [{"ticker": "LABT", "last": 6.31, "gap": 2.2936, "dollars": 607118.7799999999, "vs_adv": 166.26, "new": false}, {"ticker": "INM", "last": 2.17, "gap": 0.4126, "dollars": 188557.66999999998, "vs_adv": 47.82, "new": false}, {"ticker": "ZCMD", "last": 2.22, "gap": 0.5578, "dollars": 92800.35999999999, "vs_adv": 1.11, "new": false}]}