{"v": 4, "ts": "2026-07-24T08:31:06-04:00", "session": "pre", "rows": [{"ticker": "VIVK", "last": 3.03, "gap": 0.4401, "dollars": 323246.75000000006, "vs_adv": 2.83, "new": false}, {"ticker": "BNRG", "last": 1.12, "gap": 0.4147, "dollars": 172840.38999999998, "vs_adv": 12.13, "new": false}]}