{"v": 4, "ts": "2026-07-23T09:06:47-04:00", "session": "pre", "rows": [{"ticker": "WBUY", "last": 1.37, "gap": 1.2486, "dollars": 3017878.1700000004, "vs_adv": 2886.9, "new": false}, {"ticker": "EHGO", "last": 2.98, "gap": 0.3974, "dollars": 384193.61, "vs_adv": 5.15, "new": false}, {"ticker": "DOMO", "last": 4.25, "gap": 0.3644, "dollars": 316211.45999999996, "vs_adv": 0.91, "new": false}]}