{"v": 4, "ts": "2026-07-23T09:03:02-04:00", "session": "pre", "rows": [{"ticker": "WBUY", "last": 1.43, "gap": 1.252, "dollars": 2910159.1799999992, "vs_adv": 2779.66, "new": false}, {"ticker": "EHGO", "last": 2.73, "gap": 0.3827, "dollars": 341916.97000000003, "vs_adv": 4.63, "new": false}, {"ticker": "DOMO", "last": 4.25, "gap": 0.3645, "dollars": 313531.72, "vs_adv": 0.9, "new": false}]}