{"v": 4, "ts": "2026-07-23T09:14:17-04:00", "session": "pre", "rows": [{"ticker": "WBUY", "last": 1.38, "gap": 1.2363, "dollars": 3272593.77, "vs_adv": 3147.8, "new": false}, {"ticker": "EHGO", "last": 2.7, "gap": 0.4424, "dollars": 514075.68999999994, "vs_adv": 6.67, "new": false}, {"ticker": "DOMO", "last": 4.21, "gap": 0.3646, "dollars": 349435.44999999995, "vs_adv": 1.0, "new": false}]}